event_id,generator_gln,event_type,input_gtin,output_gtin,serial_number,event_time,gln,event_location,company_name
b7e1f882-854c-46e2-9ca5-884757778559,8172435930089,1,60917452024241,60917452024241,93RMEETI,2022-Sep-07T06:10:31 +0000,Bali,"-8.5314842,115.4993622",Bali_vessel_1
8b6d6df6-8b78-4635-afdf-2bf610730420,9826206484397,2,60917452024241,60917452024241,93RMEETI,2022-Sep-08T14:10:31 +0000,Bali,"-8.7172488,115.2191964",Bali_auction_2
5930edec-e386-4940-8452-add758cba51d,6546343878854,3,60917452024241,60917452024241,93RMEETI,2022-Sep-09T14:10:31 +0000,Bali,"-8.1944802,114.3760511",Bali_logistics_1
acc36dae-995b-4c35-a422-c9846b762796,1118880895743,4,"['60917452024241', '02139271827520']",['94793263407423'],13VZLCHIBWH,2022-Sep-12T14:10:31 +0000,Sarabaya,"-7.243421,112.7372967",Sarabaya_processing_1
3d62274e-8178-47d8-a5be-313c8bee1a79,1118880895743,5,94793263407423,83769651229640,20EQIMAQJSXTYVJLC,2022-Sep-13T14:10:31 +0000,Sarabaya,"-7.243421,112.7372967",Sarabaya_processing_1
82a67d62-43e6-4e87-a877-8d59b68426d6,1118880895743,6,83769651229640,83769651229640,20EQIMAQJSXTYVJLC,2022-Sep-14T14:10:31 +0000,Sarabaya,"-7.243421,112.7372967",Sarabaya_processing_1
cc01711c-1655-4a68-a549-6f06ac08d8fb,3820951012783,3,83769651229640,83769651229640,20EQIMAQJSXTYVJLC,2022-Sep-15T14:10:31 +0000,Sarabaya,"-7.2480575,112.6842088",Sarabaya_logistics_1
c08ebbd0-9d86-41c8-ab2e-f3c591e5dfd6,7754450864389,7,83769651229640,83769651229640,20EQIMAQJSXTYVJLC,2022-Sep-16T14:10:31 +0000,Jakarta,"-6.2609728,106.8349801",Jakarta_retailer_2
